,TrainRMSE,TestRMSE,Step1,Step2,Step3,Step4,Step5,Step6,Step7,Step8,Step9,Step10
Exp1,0.1997584357545273,0.15378385897536676,0.015695878534616837,0.023744903983241486,0.03370478748569772,0.03489554300976168,0.03989119546227559,0.047019697927377556,0.052141889662463276,0.05699633578055376,0.07146609606291955,0.07489099603262485
Exp2,0.19730760796381305,0.14944467522215618,0.015073667045824917,0.021297331308901858,0.029482276878697228,0.035104311079938874,0.041243169758865925,0.04534897765866203,0.049810259490096834,0.057322369257404505,0.06568009471465712,0.07558493402056479
Exp3,0.19992773993718263,0.15178445929940426,0.014261729003807462,0.022630934880932988,0.029872903847372838,0.03441285935922828,0.04174757785200969,0.04491507476066997,0.05032709496769859,0.060233347988591104,0.06460345915129205,0.07843230746392536
Exp4,0.1999208372408519,0.1481074978556177,0.013978519565074454,0.023577964829639114,0.029086450419620716,0.03413932850995003,0.04139179702300134,0.04472324183455221,0.053056691331158284,0.05564628458868858,0.06683464349420606,0.07128222682879412
Exp5,0.201806578005724,0.15236227344755462,0.012494931756682757,0.022878542574521096,0.029693539066447384,0.04480579881946042,0.040589361452554665,0.046908875139115236,0.05091398120142967,0.05807785522817972,0.0653912034536988,0.0745400992840584
