,Mean,Standard Deviation,Min,Max
TrainRMSE,0.19566034577471908,0.021426007322343107,0.16956142934199406,0.25029288417124806
TestRMSE,0.1832226776438393,0.022147911183509453,0.15361660517983794,0.2388256706516055
