,Mean,Standard Deviation
TrainRMSE,0.18894386273223931,0.034698928208574335
TestRMSE,0.17636325603685915,0.03501111336290147
