,Mean,Standard Deviation
TrainRMSE,0.20899913559851468,0.0897247874200838
TestRMSE,0.19521730366721654,0.08182227610381292
