,Mean,Standard Deviation
TrainRMSE,0.02136610158171803,0.0011607629697181132
TestRMSE,0.03946666461645164,0.0013241118469853375
