,Mean,Standard Deviation
TrainRMSE,0.09614562592245204,0.002899023769607327
TestRMSE,0.04422557538341547,0.0011089192133334857
Time,23.566817061106363,0.7005060887077978
Epochs,1000.0,0.0
