,Train-RMSE-Mean,Test-RMSE-Mean,Step1-RMSE-Mean,Step2-RMSE-Mean,Step3-RMSE-Mean,Step4-RMSE-Mean,Step5-RMSE-Mean,Step6-RMSE-Mean,Step7-RMSE-Mean,Step8-RMSE-Mean,Step9-RMSE-Mean,Step10-RMSE-Mean
FNN-Adam,0.54695,0.53784,0.14652,0.16063,0.16103,0.17135,0.17312,0.17582,0.17856,0.17806,0.17569,0.17625
FNN-SGD,0.56701,0.55775,0.17253,0.17113,0.17069,0.17597000000000002,0.17694000000000001,0.17772000000000002,0.1814,0.1805,0.17875,0.17734
LSTM,0.45424,0.45164,0.0287,0.06825,0.09197999999999999,0.13862,0.15844,0.16417,0.1684,0.17073,0.17227,0.17565
BD-LSTM,0.40144,0.41271,0.0241,0.04478,0.06095,0.09246,0.12867,0.15379,0.15929000000000001,0.16974,0.17375,0.17328
ED-LSTM,0.32345999999999997,0.32938,0.022580000000000003,0.045360000000000004,0.05168,0.0609,0.0694,0.08677,0.11202999999999999,0.13713,0.15241,0.16887
RNN,0.52473,0.5161899999999999,0.08851,0.15145999999999998,0.15771,0.16430999999999998,0.17178,0.17303,0.17636,0.17683,0.17519,0.17506
