,Mean,Standard Deviation
TrainRMSE,0.5569650794053636,0.006697659588236085
TestRMSE,0.548628413803373,0.007701192631805126
