,Mean,Standard Deviation
TrainRMSE,0.5445406473347075,0.007604268367136731
TestRMSE,0.5351605068265496,0.007767128673229497
