,Mean,Standard Deviation,Min,Max
TrainRMSE,0.11865438131700638,0.0009406304007703322,0.11587030004885726,0.12050351150476483
TestRMSE,0.3004828417610863,0.0012642686932931475,0.2977924498987545,0.3026798798179083
