,Mean,Standard Deviation
TrainRMSE,0.1186211348485142,0.000933500300973862
TestRMSE,0.30059609612449023,0.0011448600278054662
