,TrainRMSE,TestRMSE,Step1,Step2,Step3,Step4,Step5,Step6,Step7,Step8,Step9,Step10
Exp1,0.059824752823369104,0.05807793740050882,0.010579138757884111,0.012144950466664679,0.014627555387947147,0.016297427090279523,0.018339577541759213,0.019530977315815493,0.020620671887103523,0.02164991775437368,0.02244200126869896,0.02277462753808649
Exp2,0.04250261640964656,0.044375888496659355,0.007557180481965697,0.009649760107994827,0.010534478108193879,0.011555739124088806,0.013127525285092919,0.014323305525118782,0.01543876752263958,0.016774532243080027,0.01773446693573796,0.019045721404278765
Exp3,0.017324649677276614,0.01955616246963395,0.0034996139317282474,0.003600941294977983,0.004295212985145721,0.005012563457897366,0.005417411648224319,0.005861419776621582,0.006531467408821947,0.007541424683654574,0.00820666232125627,0.009114149310798608
Exp4,0.016426083736649826,0.017874626902367716,0.0027035936796318337,0.0032696807246368432,0.003891560819798275,0.004387548721596473,0.005007087055064206,0.005572122266161819,0.0061198126924389504,0.0068826929938794155,0.007614632713744972,0.008257212468191201
Exp5,0.023000777304244817,0.022014651684892975,0.002081041911337059,0.0034139936917247974,0.004249472121503721,0.0053457363146390355,0.005937932194748499,0.006816109592021026,0.007625469017345715,0.008598523902367872,0.009663142818395648,0.010716659064443594
