,TrainRMSE,TestRMSE,Step1,Step2,Step3,Step4,Step5,Step6,Step7,Step8,Step9,Step10
Exp1,0.23394610866876409,0.23587136169184325,0.035889326609008065,0.050265693550592495,0.06294917476687226,0.06809313093721062,0.06883382394787399,0.0827678424947592,0.08427389567944095,0.0877900397455035,0.09091973356371086,0.09250488028101621
Exp2,0.23681369839779123,0.2387297559449212,0.028838032476199368,0.047982303642291904,0.052630574963596445,0.067123743802673,0.07681676918156975,0.08965569999553406,0.08070212572142986,0.0906784009214389,0.0921367888258033,0.09705067993875918
Exp3,0.23304864147488255,0.23490180469413402,0.03909779487485615,0.04889498793223328,0.05768090147051052,0.0655984509507872,0.07403187024558631,0.07237299005250317,0.08455541667427352,0.08920771548390392,0.09344828310963825,0.09523903175611682
Exp4,0.2402846714884376,0.24222435772136058,0.02998485433840203,0.04868244552887426,0.060966347658456425,0.06712888527239264,0.07531133988368398,0.08485240514309472,0.0840508140249801,0.09510514735190871,0.09831244434212545,0.09237852033441324
Exp5,0.2319381687013966,0.2338172041377898,0.028573290927270588,0.05041793799584034,0.056580515980084026,0.06622580971155786,0.06983305777466024,0.07763357436534706,0.08432441542266599,0.08196688773246437,0.09521902673992497,0.0996263131055435
