,TrainRMSE,TestRMSE,Step1,Step2,Step3,Step4,Step5,Step6,Step7,Step8,Step9,Step10
Exp1,0.18414203263199222,0.1638318048142692,0.004367641782399069,0.011008083875679526,0.02461186746058886,0.04088902406739452,0.047900993812925285,0.051036476787111165,0.058696495091541616,0.06798504083089593,0.07165345305234284,0.07951264639052322
Exp2,0.1858711641608634,0.17430953000471994,0.020312420884316566,0.023603263777501424,0.035028336989927085,0.02711152782629678,0.03807672344597222,0.04943891271455531,0.05854560067716853,0.07167024848263187,0.08135605646559048,0.09151514440438255
Exp3,0.19490096290515824,0.17764997404359117,0.010613220936081854,0.01395061254759656,0.029325717057824493,0.033526762283228734,0.03808404504035382,0.05907333178456596,0.06041578177543601,0.07687390271008133,0.0788852346206218,0.09244249508269371
Exp4,0.2026437407678889,0.1819970157962068,0.013657187402129867,0.028483775292845372,0.039677923120092044,0.04247889617758604,0.05442659698212699,0.04910085529571609,0.06101834236525916,0.07781659588932677,0.07765798487452226,0.08696955540337356
Exp5,0.21896729682181396,0.19957768465343587,0.030005391383014668,0.027577302384083506,0.0379248868446144,0.04363964783167031,0.0641786430253847,0.06263376914742302,0.06259016560768675,0.08003376760846836,0.09136241242233598,0.0900877058067347
