,TrainRMSE,TestRMSE,Step1,Step2,Step3,Step4,Step5,Step6,Step7,Step8,Step9,Step10
Exp1,0.09349417232395013,0.09536894192507545,0.006400323668378453,0.010864938004458341,0.015660503976881904,0.0214192313701283,0.028040597338111366,0.032518223857145485,0.03676058914420418,0.03983065998561437,0.04133676323148636,0.04173642102809692
Exp2,0.08838699010983404,0.09032757483529719,0.009202216804921864,0.013035916581755727,0.016804878789134378,0.022034840323564318,0.02656715612043883,0.030595895731289575,0.034380940283353645,0.037077513769282956,0.038381227421931736,0.03827119544450896
Exp3,0.08128052491189709,0.08341509111000504,0.0043028549976051374,0.008773991295540426,0.012055513454649069,0.017582771917745606,0.022706433261409992,0.027828176736822537,0.032265443022228536,0.03572827118383191,0.03734264368442061,0.03749746555489736
Exp4,0.07202172412272413,0.07344924951956018,0.0033025948337649827,0.005248014117113669,0.009825941914604952,0.015189935331045807,0.020122072993684983,0.02475678063786471,0.02843984045171825,0.031434029646075994,0.03303739104388473,0.033509285869680425
Exp5,0.06596094984469873,0.06791859763171033,0.0038038621161318935,0.004728277673632492,0.007754645029273473,0.012392076265552035,0.01705988949679764,0.021900512165865697,0.026263538305882503,0.029702278579793347,0.03134431981686302,0.032206744776074187
