,Mean,Standard Deviation
TrainRMSE,0.041636269926376895,0.005353086460774506
TestRMSE,0.03774275663723736,0.0032395586008132256
Time,23.54578200976054,0.7421499503104951
Epochs,1000.0,0.0
