,TrainRMSE,TestRMSE,Step1,Step2,Step3,Step4,Step5,Step6,Step7,Step8,Step9,Step10
Exp1,0.060057236217963626,0.06907605432134167,0.008547120800508422,0.012530442647746831,0.014272866679071653,0.018776705826827805,0.019754873306232632,0.021878157783316022,0.023531138385643646,0.025959724582316622,0.029107377547675957,0.032270522146042764
Exp2,0.03259628673462891,0.037389724229538915,0.0035837887038821133,0.0051298432671803345,0.007021705878275255,0.009091610111308745,0.010214939569192479,0.01170690175222091,0.01322205627158147,0.014442434259701117,0.01612147658360678,0.0184977212384434
Exp3,0.014408120006253257,0.02965551283652268,0.004045175742085008,0.005104667315793337,0.005580273901022924,0.006380830183629005,0.007683462270558932,0.009269358508197555,0.011092428591419953,0.01215227756762813,0.012507094608614232,0.013894965939622817
Exp4,0.022363029667929874,0.03753518927556575,0.005520590459036754,0.0071264299711396644,0.007276700533782113,0.008063597994367955,0.00847607028501071,0.009881036940543245,0.012019984239210139,0.014309466167085956,0.017112118888155,0.019952729464723633
Exp5,0.012938793310332639,0.03364456493758579,0.005901993643155996,0.008489253761170401,0.00972551298750168,0.010810237096114264,0.010799952822783222,0.011706801774873056,0.012640903473446274,0.012366919796755343,0.01121561107606749,0.011018062263631993
