,TrainRMSE,TestRMSE,Step1,Step2,Step3,Step4,Step5,Step6,Step7,Step8,Step9,Step10
Exp1,0.15246654681478772,0.07880599181768812,0.012218564120751322,0.01622887332097281,0.019158945617596474,0.02181998355421634,0.024159078779213722,0.026365026062101057,0.027779035080391833,0.029793789362126715,0.031397876545809375,0.03210281631867081
Exp2,0.15248890828478145,0.07891585235557191,0.013314011743693408,0.016465436674651997,0.018996351150436686,0.02132691950413354,0.024099490993509668,0.026491424494823668,0.028442923665118126,0.029634159769840247,0.03110409706974061,0.03203763665632278
Exp3,0.15273576103825515,0.07964497421371802,0.013514788600212593,0.0164183796729522,0.019137430935366715,0.022299905853231675,0.024518892282984123,0.026288567618702376,0.028048444393913453,0.029746877329181007,0.031614425441152255,0.03262289756725476
Exp4,0.1524297394352677,0.07901640090388047,0.012629870436415053,0.016358217093526608,0.019197963106947744,0.021762898298632406,0.02434191517562286,0.026478466839202276,0.028409510123612276,0.029747402840772843,0.031076225860132017,0.03198316889793917
Exp5,0.15188978375947104,0.07909047170109992,0.012663720201708533,0.016770741779207808,0.018675240417073875,0.02153300255768297,0.02416765392061641,0.026166436498359775,0.028033980193561393,0.030583237619430815,0.031171604264594376,0.0322424416675963
