,TrainRMSE,TestRMSE,Step1,Step2,Step3,Step4,Step5,Step6,Step7,Step8,Step9,Step10
Exp1,0.1552580802587757,0.09321818065215592,0.012774897170589841,0.016835639693613087,0.02036909494728142,0.024210608401609296,0.027677299850501012,0.03089475887658993,0.03384527275223476,0.03630542479840903,0.03825725071399222,0.03992763719056889
Exp2,0.15132998612793508,0.08945571422972114,0.012450335841878497,0.017025252891488138,0.020169337992520648,0.023681720383106036,0.026717732119877706,0.02942323059895967,0.03227342155310346,0.03451197672574609,0.036399583658289957,0.038114104464436416
Exp3,0.1326409017050235,0.10870838859132076,0.013667314485568864,0.018931046683277677,0.022673391752741003,0.027597399823668687,0.031987063749941765,0.03583658140712295,0.03941697258596626,0.04264077933256311,0.04525613600995757,0.04763559714093967
Exp4,0.1264164732069535,0.10032112415070302,0.014231425378846486,0.01851387910415254,0.02172168615449256,0.02591714516075595,0.02972227864728344,0.033275149037373795,0.03667520491703947,0.03932189863344757,0.04106958114345479,0.042507157583105554
Exp5,0.11420671162465162,0.11147959529664894,0.01562739158973578,0.020829336502872123,0.02430051586921817,0.028944035829981157,0.03322370167186146,0.036931155273709056,0.04081388495639235,0.0439778492380167,0.04551765608894668,0.046711296615698984
