,TrainRMSE,TestRMSE,Step1,Step2,Step3,Step4,Step5,Step6,Step7,Step8,Step9,Step10
Exp1,0.4501534312303114,0.4475725186837369,0.024661953475892496,0.05641294104853244,0.09313270584833404,0.13457872086987113,0.15224336846259084,0.16635741489955816,0.16976612100178728,0.17153665857474817,0.17358986300418766,0.17468188302915943
Exp2,0.422651153767408,0.42737904686570694,0.021742650619127574,0.04172203235705793,0.06389198489527959,0.1243950823534691,0.14652205539973828,0.15778656119852763,0.1666956164268291,0.1670727217500852,0.16967315051546597,0.1732860182015263
Exp3,0.4090768341198043,0.4237969937412598,0.01717367841480038,0.034299875547426,0.05798263045529752,0.11750044952446297,0.14215753562992786,0.1571979194146918,0.1679731674592994,0.16963337685647287,0.16955326288286213,0.17408448193148046
Exp4,0.3931224282099821,0.42406910698131545,0.01189126253666326,0.03158950386241235,0.057661521166927555,0.10905717949132859,0.13722178702002139,0.15529262122919285,0.16685955057573512,0.17305458171360769,0.17544808307569612,0.1787717663069512
Exp5,0.3826091780442141,0.42359853368113193,0.014293305635980684,0.038966689796855636,0.04837346986517173,0.11080276774805299,0.13249115682025295,0.15367245603400162,0.16750731287802043,0.17188806490214362,0.17769738464415552,0.18095875966023023
