,Mean,Standard Deviation
TrainRMSE,0.1792390929679062,0.00016535663156681932
TestRMSE,0.15214193604712012,0.002131876022265978
Time,22.985609618822732,0.5437411239131597
Epochs,1000.0,0.0
