,Mean,Standard Deviation,Min,Max
TrainRMSE,0.1792365441211263,0.00022867803798825104,0.17875504028639094,0.17983486614709096
TestRMSE,0.15240751329974958,0.002125025204627889,0.14814051521318675,0.155438781489661
Time,23.167627731959026,1.0195221747093595,22.198133945465088,25.010744094848633
Epochs,1000.0,0.0,1000.0,1000.0
