,TrainRMSE,TestRMSE,Step1,Step2,Step3,Step4,Step5,Step6,Step7,Step8,Step9,Step10
Exp1,0.03637084911943449,0.03362820821246313,0.005581361244129406,0.005862099703047748,0.006939091814000266,0.007836639492349853,0.008934197439371946,0.010011564661155707,0.01099106560000102,0.012873345062525531,0.014706944318055614,0.01651982473973925
Exp2,0.04728868704904041,0.04656435557673692,0.005162041679838434,0.006960957154410778,0.008841812204849033,0.011281515260850097,0.013265205415847052,0.014457583888410836,0.01646574367676696,0.017922742317479055,0.02061235426182202,0.02203373368230167
Exp3,0.031010744382227978,0.031899104151992756,0.003995311046107524,0.004798233026470255,0.006435357830315897,0.007384110330818305,0.009024440271497267,0.009896908832802956,0.011168976505844195,0.012703610328875087,0.014105065442444883,0.01477018720314769
Exp4,0.023125691279088385,0.02344704703940443,0.0038254802008167513,0.004543125270274168,0.0050655100800521685,0.00583924422117304,0.006603380505942638,0.007212468656277583,0.008140813414093463,0.00889459111501425,0.009920128987105101,0.010738420365349803
Exp5,0.018381275839079114,0.019599520840188,0.002428003675399506,0.0037611438767853637,0.003977877912264851,0.004613905556891919,0.005374006733761987,0.005944667426866596,0.0065393394161166775,0.007589674221156901,0.008737639874485925,0.00927667452987774
