,Mean,Standard Deviation,Min,Max
TrainRMSE,0.36765231216789246,0.0443039938769711,0.3283204718908579,0.5208775152454421
TestRMSE,0.27051407004691014,0.02691364073990908,0.2469220931790343,0.3650404385288242
