,Mean,Standard Deviation
TrainRMSE,0.39030779582404396,0.05020589178060631
TestRMSE,0.27541739749717925,0.028383110932910474
