,Mean,Standard Deviation
TrainRMSE,0.36015741316132277,0.0329006060403706
TestRMSE,0.26523921070247236,0.01885731648123595
