,Mean,Standard Deviation
TrainRMSE,0.07865247623661875,0.0012238495663002386
TestRMSE,0.1901421499351031,0.0028734436275090645
