,TrainRMSE,TestRMSE,Step1,Step2,Step3,Step4,Step5,Step6,Step7,Step8,Step9,Step10
Exp1,0.3811368546245279,0.3903792781710357,0.022048569989914443,0.02122847904492477,0.04431182582839085,0.06892338296880766,0.11661694889583299,0.14600046996776647,0.1579421672175557,0.1641998051377507,0.16837073500143612,0.17196965964351926
Exp2,0.3483962703771086,0.3705845176148279,0.009916127480600336,0.02537038308763734,0.03447611670193222,0.06481083802005447,0.08674428416281407,0.12414055565915068,0.15159486236636757,0.1654572963516052,0.1676367429721582,0.17264763602617542
Exp3,0.3209049383717219,0.3581613643281222,0.012839218274053946,0.011321736686418754,0.0324790712802478,0.04032377207434167,0.06310372813654984,0.11054048597104453,0.1467662661079656,0.1690484676143972,0.16873797747854347,0.17468295030517375
Exp4,0.3045145557326644,0.3550433271859967,0.007804347701618484,0.010668390041765357,0.023971381248295082,0.03540298646979978,0.05665014066774209,0.10444796601910877,0.1426684429881435,0.16632548818076512,0.17203214022213117,0.17978019152397712
Exp5,0.29147505876480445,0.3538560793152725,0.00928926848161247,0.008704789698723328,0.018822452841429332,0.04079389401954207,0.05092949945953663,0.09943602468104978,0.14064174567870671,0.16914178065384336,0.17289349645469967,0.17964157049330506
