,TrainRMSE,TestRMSE,Step1,Step2,Step3,Step4,Step5,Step6,Step7,Step8,Step9,Step10
Exp1,0.1698825272495447,0.17094160165848962,0.010807972689632123,0.032090301469594545,0.02650266023581941,0.045004280275277135,0.0623555483413405,0.054963794219670445,0.061296266554575415,0.060156928636631884,0.07661253510341527,0.07205451573193396
Exp2,0.1675096570862625,0.168604099673628,0.017073133986979988,0.019577715768730977,0.03709304904802808,0.04635073191060367,0.058617465227692525,0.05566881273432343,0.052786915537538115,0.061506441725462165,0.07653670952737976,0.07256642653201098
Exp3,0.17184477604737924,0.17295668748533408,0.02462539149351938,0.03371831440518589,0.036095744626933816,0.03992705099291128,0.04733701107458056,0.0560219082710631,0.06555213257884784,0.06747993376526473,0.07076941044291846,0.0776880242209577
Exp4,0.16852507692085936,0.16963987231303676,0.018010076487626987,0.02152983212695359,0.030498928531512908,0.048172003299388366,0.0628228485272871,0.05132663645636115,0.06130274040383173,0.06061151824490094,0.07901554675194339,0.06695289798019055
Exp5,0.16816568040575433,0.16929049274652597,0.014155513617367313,0.02967512509032311,0.033217887534647744,0.04257944498081694,0.048380790067585305,0.054565962974315936,0.0651368634131405,0.06552970734149302,0.07470691882967843,0.07228844810105313
