,TrainRMSE,TestRMSE,Step1,Step2,Step3,Step4,Step5,Step6,Step7,Step8,Step9,Step10
Exp1,0.5510538820651882,0.5394669597406714,0.15133134520492725,0.16109518707395382,0.16295763872380026,0.16954855167522165,0.17512240343545385,0.1734967390762224,0.18049842226694043,0.17848735331949891,0.17673064977289651,0.17444124786935863
Exp2,0.553365323656861,0.5423995981182604,0.15244964622757817,0.16438139598374732,0.16229338900522966,0.17019074503621412,0.1713530464363587,0.1760439922285486,0.18055746118168844,0.180554084763498,0.1778547561421213,0.17732656295452684
Exp3,0.548213861469248,0.537902068678544,0.14947404681313867,0.16083912028732622,0.16305512431653602,0.16983044115532547,0.1719616527420258,0.17486846745455265,0.17836459068013,0.17904395757145145,0.1749981115715323,0.176217972879195
Exp4,0.5476442833200303,0.5379776831687069,0.15085789366802912,0.16128687329189448,0.1607176818737368,0.17053755996786601,0.1731033153725828,0.1760395372818225,0.17898995898691158,0.17778049775013638,0.17527968939126243,0.17439678492386373
Exp5,0.5500439004462581,0.5414368954097509,0.15184636112414163,0.15802183779185755,0.16263816607592066,0.17025583177579282,0.17329056538227197,0.176305529730629,0.18182546758471518,0.18232881200068232,0.17739837860207716,0.17549852091756427
