,TrainRMSE,TestRMSE,Step1,Step2,Step3,Step4,Step5,Step6,Step7,Step8,Step9,Step10
Exp1,0.08783587566680179,0.08934160152071426,0.010561486965248607,0.012807488919679273,0.016882337412503248,0.022089797190138868,0.026993195900365096,0.031049456679796153,0.03407800656744369,0.036059768626084225,0.03709947969144276,0.03745240049917937
Exp2,0.0678244301342079,0.06936428719239142,0.0048305847349612565,0.0074085260545209185,0.011618739063502711,0.01517121324033063,0.019325577528374053,0.023388521644581495,0.026793667305284374,0.02910012113037977,0.030340417857613364,0.03102036777907662
Exp3,0.07835555854416104,0.07836811235649904,0.0053778263159970415,0.007879546535502753,0.012617668402064585,0.01680081602080633,0.021493782024778127,0.025851274341425333,0.02994525860944721,0.03314904746195019,0.03485421965248217,0.035614803814595815
Exp4,0.03797228852562087,0.03748544589556563,0.0034117987706686753,0.003678552080272999,0.0053030733955313795,0.007897918184403706,0.010345212534961873,0.012366174014506414,0.014102326831161525,0.015653737428572838,0.016773176012652075,0.017443812811625794
Exp5,0.04210317666850558,0.04184066828339108,0.0033100177505199987,0.004151974083997419,0.006348301448132139,0.009042370357225481,0.01147320997546076,0.013650993411056184,0.01568872869825183,0.01755420319396569,0.01881745779896057,0.019339438433844926
