,Train-RMSE-Mean,Test-RMSE-Mean,Step1-RMSE-Mean,Step2-RMSE-Mean,Step3-RMSE-Mean,Step4-RMSE-Mean,Step5-RMSE-Mean,Step6-RMSE-Mean,Step7-RMSE-Mean,Step8-RMSE-Mean,Step9-RMSE-Mean,Step10-RMSE-Mean
FNN-Adam,0.20427,0.15104,0.0163,0.02356,0.03108,0.03495,0.04068,0.04645,0.0514,0.05816,0.06534,0.07449
FNN-SGD,0.32295,0.21786999999999998,0.028069999999999998,0.035210000000000005,0.04411,0.05185,0.06097999999999999,0.06773,0.07712999999999999,0.08557999999999999,0.09312000000000001,0.10121000000000001
LSTM,0.1418,0.11603,0.00719,0.014819999999999998,0.02197,0.027510000000000003,0.03213,0.03597,0.0397,0.04489,0.05086,0.0587
BD-LSTM,0.13694,0.11472,0.00857,0.01549,0.022180000000000002,0.027630000000000002,0.03178,0.03583,0.0395,0.043989999999999994,0.04983,0.05756
ED-LSTM,0.12095,0.13224,0.01091,0.01699,0.02366,0.029210000000000003,0.03477,0.04021,0.04582,0.05186,0.05905,0.06733
RNN,0.18748,0.13423,0.0132,0.02119,0.02847,0.034589999999999996,0.03946,0.04311,0.0463,0.050289999999999994,0.05644,0.06411
