,TrainRMSE,TestRMSE,Step1,Step2,Step3,Step4,Step5,Step6,Step7,Step8,Step9,Step10
Exp1,0.1743893317352377,0.13307115793731636,0.015670323941884546,0.02276508061366562,0.029090784051077588,0.03445853098999884,0.03921443614811669,0.042267723943890945,0.04561998483850044,0.049888847955390135,0.055755013637036714,0.0625094140896703
Exp2,0.15472016921210635,0.12145942616481645,0.011694911175210404,0.018699302314496853,0.02497582252707015,0.030253855148951986,0.0347599198937574,0.037917085255714966,0.04179995939160637,0.04622754812487262,0.0520650323120381,0.05904169799238076
Exp3,0.14425052103740066,0.1164589665285149,0.00918307954551046,0.016828561175534093,0.023037288028716355,0.02848969207636609,0.03307913508343992,0.03677226141258618,0.040550680010972985,0.0447366208652675,0.050160232548665855,0.05696123293076096
Exp4,0.1309391231494489,0.1209789124688904,0.008415938884661276,0.016498357265746028,0.023770732521516943,0.02929992357473377,0.03426387622528382,0.038160189342250066,0.042523242999720386,0.046808956897209375,0.05262387906967235,0.058911371078142774
Exp5,0.1182441918263401,0.12391631765150525,0.00813515038696079,0.015604020933686928,0.02263781600220388,0.028612948095745428,0.03396686644376666,0.038610388570324845,0.0437286503512932,0.048624783962992114,0.054871832727387125,0.06150141056671844
