,TrainRMSE,TestRMSE,Step1,Step2,Step3,Step4,Step5,Step6,Step7,Step8,Step9,Step10
Exp1,0.3232698824615126,0.22162941195226205,0.031968208123559404,0.03494219595920188,0.04331860257748755,0.052298148952624066,0.0648702118409372,0.07093741495971462,0.07745341622735936,0.08165555745240344,0.09064815590453326,0.11018649643938733
Exp2,0.3083933291156925,0.20823493179788885,0.021040021295238204,0.034417834183111465,0.04043659911385793,0.05527492421875141,0.0637527139625124,0.0670741592723668,0.0737510890616955,0.0777949204810133,0.08783582029047737,0.09630330068804761
Exp3,0.3070199607688341,0.21121770940871964,0.021452329755601653,0.029878355163727457,0.04627901542885133,0.057849846243144515,0.05201456367787344,0.06491750122248627,0.07252396122631453,0.0828790765487457,0.08838459686847486,0.10445740847116308
Exp4,0.29269135820569775,0.20223337260088062,0.024514682571877576,0.028851754439195385,0.04838019402673217,0.04499083010355331,0.05385248682600627,0.057521630931019495,0.06649218298021374,0.08602043457131556,0.092754813028032,0.09201693521710577
Exp5,0.3092747258324891,0.21050824722223901,0.030481606527788814,0.03863088734138827,0.045907448344607714,0.052081611758399135,0.06356742881803519,0.0647638940818762,0.07432830361428452,0.08251544197446979,0.08402512899489663,0.09717696789982216
