,TrainRMSE,TestRMSE,Step1,Step2,Step3,Step4,Step5,Step6,Step7,Step8,Step9,Step10
Exp1,0.026044530445266292,0.023558015058709393,0.0069910409175652525,0.004730441703322468,0.004018355078943945,0.00441601719926338,0.005250970034416443,0.006496538907883359,0.007842739080630757,0.009031238902097581,0.010119792748357663,0.01152476526853377
Exp2,0.022294372490857726,0.024216929295051908,0.002710412989941886,0.0026825566108008656,0.0037343295585518794,0.0051599308344511706,0.006468127012817178,0.007646088267445823,0.008732749069685047,0.00973895506777102,0.010733074729253226,0.01203082434207074
Exp3,0.019819419760346135,0.020864874730355983,0.006620814552647064,0.004505127029118488,0.0032229460955433753,0.0028977589610402824,0.0036756851188851896,0.005097323517242822,0.0066334904920380055,0.008128533662648077,0.00945306730809856,0.01065350406281937
Exp4,0.027937248393502066,0.029191915606786484,0.0026434033072237242,0.002412379789497403,0.004050771478745517,0.00578839113492421,0.007296446800407564,0.008752289273158508,0.010320637183039756,0.011989682568245282,0.013586754572145936,0.014991261281468642
Exp5,0.007454383330221964,0.010565480478522871,0.0015144100187287944,0.001216894739214269,0.0015692056931904657,0.0020344391911798474,0.00251775777331697,0.003121874804715311,0.0037237136866353723,0.0043036831518331745,0.004874762520290461,0.00538679027610072
