,Train-RMSE-Mean,Test-RMSE-Mean,Step1-RMSE-Mean,Step2-RMSE-Mean,Step3-RMSE-Mean,Step4-RMSE-Mean,Step5-RMSE-Mean,Step6-RMSE-Mean,Step7-RMSE-Mean,Step8-RMSE-Mean,Step9-RMSE-Mean,Step10-RMSE-Mean
FNN-Adam,0.19318,0.18087,0.018269999999999998,0.02059,0.025330000000000002,0.03335,0.04811,0.05268,0.061320000000000006,0.06782,0.08846,0.08586
FNN-SGD,0.27609,0.26494,0.03363,0.043210000000000005,0.05467999999999999,0.06506,0.07872,0.08657999999999999,0.09441000000000001,0.10269,0.11155,0.11777
LSTM,0.0242,0.02535,0.00246,0.0032600000000000003,0.0041600000000000005,0.00513,0.00642,0.00731,0.00892,0.01008,0.01167,0.01293
BD-LSTM,0.030010000000000002,0.031039999999999998,0.0043100000000000005,0.00545,0.00644,0.00742,0.007890000000000001,0.00942,0.01068,0.01251,0.01326,0.01461
ED-LSTM,0.02252,0.02342,0.00511,0.004379999999999999,0.00465,0.00518,0.0059299999999999995,0.0068200000000000005,0.0079,0.00898,0.00995,0.01095
RNN,0.053810000000000004,0.05417,0.011290000000000001,0.01286,0.01432,0.01511,0.01554,0.01643,0.01709,0.01864,0.01989,0.02265
