,TrainRMSE,TestRMSE,Step1,Step2,Step3,Step4,Step5,Step6,Step7,Step8,Step9,Step10
Exp1,0.12858631916404387,0.12071069338104602,0.011385780255425595,0.016240693341124105,0.022446740531594084,0.027295600936081788,0.031610474875133084,0.036142179923143045,0.041061584676596395,0.04669832821884291,0.05377552053995797,0.062166678357407176
Exp2,0.12020750942918691,0.13653310250270845,0.007589919875635575,0.015416596033907862,0.021938958714334007,0.027895225451684356,0.03364272801588813,0.03993171351633765,0.04667455291184949,0.054262298050504185,0.06305290773305666,0.07253684101211075
Exp3,0.10339232555864711,0.15141856284469576,0.00664965675791156,0.01495507018544122,0.023093133535544576,0.03007889604476144,0.037153453767635264,0.04523218908287687,0.0541029765315326,0.06277838534965416,0.07066803193378961,0.07702673419516252
Exp4,0.0863476222001459,0.15308329275430227,0.007452496848509249,0.015218493758479923,0.02326829692579802,0.03121546097377634,0.03871039136399477,0.046440000865167405,0.05450684135755351,0.06250810283362027,0.070545984892567,0.07823919014345941
Exp5,0.08919363958482794,0.1594968733817076,0.00791715881384056,0.015518177692275297,0.02336983949614269,0.030598110949412456,0.03851005219125403,0.047695963603116974,0.057153122546772225,0.06623745742286705,0.0745510434878474,0.08175387607078617
