,TrainRMSE,TestRMSE,Step1,Step2,Step3,Step4,Step5,Step6,Step7,Step8,Step9,Step10
Exp1,0.12648366866080687,0.20115205367394517,0.042005841778748707,0.08516130358337781,0.07681551187187491,0.050836440619820934,0.07267945272436808,0.0732389056810511,0.0695318784043748,0.04163449722577516,0.047653405132247084,0.0589494963388153
Exp2,0.10716928455486485,0.2310678207274026,0.04664045920357558,0.0836551745776514,0.08633404316276098,0.06738348130863778,0.10008457485003748,0.07158392133736534,0.07936963378942931,0.05892780738045003,0.049829042613162254,0.06948796939071952
Exp3,0.06200254170826801,0.21683860420062012,0.04648094879917459,0.07345845522985302,0.09541580082551059,0.05864040010695102,0.07511069903593245,0.07234063213887199,0.06835120047842187,0.05686158248589899,0.04946732076666851,0.07544905097067806
Exp4,0.06085145473796973,0.22131581921723076,0.04791924802203011,0.07099365132683025,0.08944582480267753,0.04950800090325881,0.07604078015209326,0.07276360786571694,0.06688166686049896,0.05863158351748757,0.05650111956606356,0.09493577783013589
Exp5,0.05081107429978379,0.2318098122695629,0.04621300999246054,0.07508280898507998,0.08497825913669844,0.054102743377058525,0.0787770870918365,0.06988872990456431,0.06826676049902433,0.06583366914873372,0.06489282863260339,0.1073244678116998
