,Train-RMSE-Mean,Test-RMSE-Mean,Step1-RMSE-Mean,Step2-RMSE-Mean,Step3-RMSE-Mean,Step4-RMSE-Mean,Step5-RMSE-Mean,Step6-RMSE-Mean,Step7-RMSE-Mean,Step8-RMSE-Mean,Step9-RMSE-Mean,Step10-RMSE-Mean
FNN-Adam,0.33708,0.25375,0.07463,0.10425999999999999,0.08198,0.07637999999999999,0.07605,0.06906,0.06319,0.06423,0.08906,0.0924
FNN-SGD,0.42512,0.28205,0.08951,0.0983,0.08155,0.08524,0.08743,0.07874,0.07401,0.08637,0.10319,0.09681000000000001
LSTM,0.19539,0.19105,0.05772000000000001,0.07246,0.08067,0.06969,0.0512,0.053989999999999996,0.0537,0.04641,0.0507,0.05611
BD-LSTM,0.16191,0.20067000000000002,0.043910000000000005,0.08917,0.07733,0.05471,0.059620000000000006,0.06554,0.060110000000000004,0.04597,0.05992000000000001,0.06307
ED-LSTM,0.11659000000000001,0.20195,0.049,0.08943,0.07072,0.060110000000000004,0.06935,0.06056,0.058170000000000006,0.05105,0.05268,0.06146
RNN,0.32105,0.25803000000000004,0.06412000000000001,0.11757000000000001,0.08323,0.07617,0.07552,0.07304,0.06426,0.06106,0.08822,0.09471
