,TrainRMSE,TestRMSE,Step1,Step2,Step3,Step4,Step5,Step6,Step7,Step8,Step9,Step10
Exp1,0.16574284953909033,0.10782542257855202,0.018004763082796183,0.022031311033905272,0.025339419291845047,0.02865616593148347,0.03136812038215133,0.03454239078049367,0.037892845819520724,0.04116959603446305,0.04445857531629891,0.0454863223455473
Exp2,0.14737583245023061,0.07960225630187905,0.012453080936003015,0.016799800061609454,0.018776228290842852,0.021062742959408496,0.0234035005376759,0.02574219471060866,0.027918833817038007,0.02972064062128128,0.03359345294964856,0.03318642107818365
Exp3,0.14225190229489723,0.09307065333541048,0.013169311048195834,0.01756666874965718,0.020654366991089242,0.024182822657986734,0.026457139462871856,0.02968717748227968,0.03322919905372331,0.036634681939163596,0.03921744855142871,0.04003897505536045
Exp4,0.13901818112699876,0.09495413827116123,0.014964747440478599,0.018661114366494105,0.02112512710632858,0.0248183076514917,0.02706912034412784,0.030458329786632224,0.0338797800338162,0.0375017929139431,0.03977994300184104,0.03980920958514
Exp5,0.13510748596530792,0.0934726353607497,0.01510798563627545,0.018099693282199163,0.020334626424542916,0.023685345249577914,0.026454969735903507,0.02972240597971441,0.03352018368421957,0.03777184256387763,0.03923139485804619,0.03916742057652021
