,TrainRMSE,TestRMSE,Step1,Step2,Step3,Step4,Step5,Step6,Step7,Step8,Step9,Step10
Exp1,0.13715136598960095,0.13194595588855834,0.010353644410065314,0.018065107352558007,0.021637448660190663,0.0302328723992022,0.03619597148040729,0.05184473805505956,0.0475416319725486,0.04308133905921369,0.05222660962515302,0.06893570154130961
Exp2,0.10052244521348741,0.08840224450295472,0.009241556817597078,0.01362239431099514,0.018889282784799337,0.02303750647694199,0.0261984386435059,0.029390305561801004,0.030809675020299868,0.03389909740053151,0.036407184993153506,0.04101747040295552
Exp3,0.09052564040401849,0.08159514083002097,0.00910874751059932,0.01468748072869692,0.018496143283776058,0.02217887838440296,0.026156835746502502,0.027492442539593067,0.029244535408486098,0.03082398124445537,0.03241527764891326,0.035056245146962685
Exp4,0.14462525857302433,0.1376611288589442,0.01164809475671303,0.015753343316884008,0.020152681320186595,0.02804342718257025,0.04197565201670902,0.03797027851837455,0.052608349613623415,0.051696440532998475,0.05982910297923514,0.07176905112873483
Exp5,0.14879007339083883,0.143328452262183,0.011547486055914961,0.018159359369364126,0.025316616203877457,0.031633776741701425,0.037693782692345246,0.04563438636393677,0.04901994732192661,0.054949656045954226,0.06605419342481739,0.07175943629593423
