,Mean,Standard Deviation,Min,Max
TrainRMSE,0.09884991812035672,0.0007981860541549841,0.09736717740460274,0.10085707646887876
TestRMSE,0.03702915156803326,0.000784054541501259,0.03593464741231473,0.03872555535722396
Time,24.465609947840374,1.326520358456152,22.102744102478027,25.81519317626953
Epochs,1000.0,0.0,1000.0,1000.0
