,Mean,Standard Deviation
TrainRMSE,0.09893534952466168,0.00041549938772611684
TestRMSE,0.0367117895231508,0.0006666485286544091
Time,23.915199677149456,0.929963912435736
Epochs,1000.0,0.0
