,TrainRMSE,TestRMSE,Step1,Step2,Step3,Step4,Step5,Step6,Step7,Step8,Step9,Step10
Exp1,0.1175440676607082,0.17767576182371334,0.04201846495739191,0.06879186942220267,0.06090733234521891,0.054851825974652116,0.051688966422810546,0.057432845357154094,0.06347744798474421,0.05401398072087122,0.046855806599885044,0.056918657694308636
Exp2,0.07326310993526662,0.16633608813371906,0.042046235563551144,0.05776347999846874,0.049881926059797875,0.04958062440845341,0.05716756937035818,0.06343755360821166,0.06244558534578437,0.05752778780876495,0.03974811519444997,0.03918519425106012
Exp3,0.04838182712573359,0.15828317050521806,0.03831064241671198,0.05537423971385359,0.051057652456783856,0.05070157140655892,0.05709381146229546,0.059432414224150076,0.05172548343474936,0.05095049983408878,0.041151689797749934,0.039814084072197116
Exp4,0.04296701444834352,0.15441809343247498,0.03414231329122547,0.053782758736940064,0.05426094670210718,0.05289303869610848,0.05598705530162605,0.060189109867590844,0.04824109686508114,0.047539471201111023,0.03581796725852047,0.03764744573289712
Exp5,0.04059079851002912,0.1600894347525773,0.03160686784107441,0.05015320271233306,0.054338777742605156,0.0559084685621329,0.06819067111965665,0.06099884222723435,0.05416760801329784,0.04907368024469776,0.034796513252104026,0.03334441621758827
