,TrainRMSE,TestRMSE,Step1,Step2,Step3,Step4,Step5,Step6,Step7,Step8,Step9,Step10
Exp1,0.03690348737353522,0.05266262611964904,0.008692241691091325,0.008366076860146274,0.010411821772714608,0.011050487814152214,0.011451931820980107,0.013178854953339638,0.015771864457640027,0.01918895746664784,0.023771511024349063,0.030172919560310037
Exp2,0.01969118290399104,0.0360620411639984,0.004434107231987084,0.004561321580038484,0.005690406736486492,0.006592031666337297,0.007931096249320363,0.009504991319509295,0.01147152224957133,0.01389969538151202,0.01684412873280816,0.02055234940845949
Exp3,0.05502953506391611,0.08077069628351137,0.012617229048982315,0.014569915470630987,0.018207743522824643,0.02181500657261982,0.02440507629179921,0.026852559567899392,0.0289122363071932,0.031012233175057004,0.03282317235278449,0.03396038389399042
Exp4,0.005216712550544246,0.028475090898069332,0.002087716697917166,0.00326155306338637,0.006323666941664084,0.007103180796128982,0.006452881411548271,0.006480784666777304,0.00779935879585913,0.010060443587394904,0.013252828143436602,0.016854386557684804
Exp5,0.00425100429784882,0.026525785008398715,0.0021028401674326384,0.0035422876997955417,0.0068402094482588145,0.00816864290507479,0.0076637026101170356,0.007256233374366982,0.007905973269455724,0.009373737961200517,0.011336105032689465,0.013522885220723497
