,Mean,Standard Deviation
TrainRMSE,0.21757005487203074,0.011751757015664036
TestRMSE,0.1550856587559,0.006065370884627807
