,Mean,Standard Deviation
TrainRMSE,0.1981769034773943,0.02006222531979319
TestRMSE,0.14843150557823048,0.008088924426339126
