,Mean,Standard Deviation
TrainRMSE,0.05425684502491198,0.0009279401162805186
TestRMSE,0.15431817581335497,0.0021813117354676443
