,Mean,Standard Deviation
TrainRMSE,0.08544680685988987,0.017654583713632686
TestRMSE,0.03028072626780679,0.0017704144939241326
Time,18.575051482518514,0.43171041703149166
Epochs,1000.0,0.0
