,TrainRMSE,TestRMSE,Step1,Step2,Step3,Step4,Step5,Step6,Step7,Step8,Step9,Step10
Exp1,0.2547599507124115,0.2441790819156993,0.03209540290483413,0.042896741008062386,0.04973097330558106,0.05613736487366609,0.07619489221839222,0.07762621264696605,0.08530330239053427,0.10190422917398415,0.09999979356709718,0.10787043525339358
Exp2,0.2556803801337191,0.2466914719355227,0.02721124917216176,0.03801227991536229,0.05071497951611181,0.0599071122925608,0.08001637223433238,0.07737413270116004,0.09535648579118115,0.0922177771823056,0.09910431972854929,0.112704948128912
Exp3,0.26092383479483666,0.2510590265880782,0.030820541120349352,0.04252179909308088,0.04966723241107506,0.062703486988694,0.0693447944163664,0.08405413205285864,0.09029032123478019,0.10290920215308129,0.10365380996535252,0.11186379431151235
Exp4,0.2682765471039804,0.25629061717994583,0.032686335509538235,0.03977979701122121,0.05742850517650271,0.06836238576767553,0.07393493715839011,0.0842743229380717,0.09149988936330654,0.10185963193462315,0.10740027807593948,0.11050625384609025
Exp5,0.2615061305357681,0.25183577979890576,0.03371661657163602,0.04578298866039943,0.053213419802636344,0.05666789682999995,0.07001018830590752,0.08675686706058382,0.09295796303359317,0.09309268803271961,0.10408308739479406,0.1165184454841289
