,Mean,Standard Deviation,Min,Max
TrainRMSE,0.2084730191063736,0.0360561217752704,0.1622106553511398,0.31025400475876935
TestRMSE,0.20997908736015528,0.03661164798972997,0.16323058664163947,0.3134476824970271
