,Mean,Standard Deviation
TrainRMSE,0.17002769518906272,0.03237627380208543
TestRMSE,0.1711367609599179,0.03273604429278005
