,Mean,Standard Deviation
TrainRMSE,0.206406146725376,0.03617030214814607
TestRMSE,0.20791198235457994,0.03671323119418707
