,Mean,Standard Deviation
TrainRMSE,0.03183134274541166,0.00048288759746082884
TestRMSE,0.06716270222943801,0.000851008041640075
