,TrainRMSE,TestRMSE,Step1,Step2,Step3,Step4,Step5,Step6,Step7,Step8,Step9,Step10
Exp1,0.32356087223018415,0.23641128898258437,0.07441125756705008,0.10011831028150456,0.07067854518050484,0.06961829923306233,0.06894519179469065,0.06651633770089106,0.05593256927598902,0.06279232986884893,0.08615016187546012,0.08256137035594403
Exp2,0.3213404111484671,0.23982137034613393,0.06912945776262706,0.1041068699618454,0.07653495117168832,0.06754125550305062,0.07006788958435897,0.06586779838092639,0.05738534283259883,0.06259761567413244,0.08706910506827688,0.08623864153186084
Exp3,0.31990827554930185,0.2379262580855165,0.07054865483889494,0.10522743264413957,0.0739849341672497,0.07170950732107734,0.07021963382194962,0.06631496934114649,0.05803883398385806,0.06039141313928956,0.08255973811342177,0.08235741351468334
Exp4,0.3221454417102941,0.23684644715086575,0.07046363360068474,0.10354592957620562,0.07165674825370867,0.07044364367790945,0.06871890167681459,0.06655281988488307,0.057819247850050735,0.05686866514103744,0.08333712063154394,0.08739913258572508
Exp5,0.3263768076798639,0.24324162547533454,0.07667885845277705,0.10066377731273364,0.07453316585687439,0.07371092293822203,0.0704154248431256,0.07298322900091068,0.05949443950759809,0.06628461578102239,0.08693860788648397,0.07992939421954445
