,Train-RMSE-Mean,Test-RMSE-Mean,Step1-RMSE-Mean,Step2-RMSE-Mean,Step3-RMSE-Mean,Step4-RMSE-Mean,Step5-RMSE-Mean,Step6-RMSE-Mean,Step7-RMSE-Mean,Step8-RMSE-Mean,Step9-RMSE-Mean,Step10-RMSE-Mean
FNN-Adam,0.15461,0.14727,0.01484,0.02017,0.025169999999999998,0.03225,0.03995,0.048960000000000004,0.05269,0.060270000000000004,0.06212,0.06734
FNN-SGD,0.3757,0.43144,0.04673,0.0666,0.09102,0.10597000000000001,0.12573,0.14239000000000002,0.15725,0.16641,0.18179,0.18813
LSTM,0.04158,0.04875,0.008,0.008620000000000001,0.00988,0.01166,0.01351,0.01553,0.01701,0.01848,0.02036,0.02246
BD-LSTM,0.02814,0.03486,0.00381,0.00468,0.00606,0.007240000000000001,0.008440000000000001,0.01005,0.012029999999999999,0.01415,0.01567,0.01779
ED-LSTM,0.03741,0.04268,0.008459999999999999,0.00817,0.00976,0.01121,0.01284,0.01408,0.01511,0.01589,0.01671,0.01803
RNN,0.10877,0.10305,0.018580000000000003,0.021769999999999998,0.02501,0.02901,0.03136,0.03394,0.03605,0.038169999999999996,0.04036,0.0424
