,Mean,Standard Deviation
TrainRMSE,0.14536616369139982,0.04069133474375414
TestRMSE,0.13556794960209637,0.046817747620935435
