,Mean,Standard Deviation,Min,Max
TrainRMSE,0.15078894052752864,0.03836238643503442,0.07874856849426372,0.2614546501522486
TestRMSE,0.1430616972358161,0.045700746365216045,0.07106493570079518,0.28599162807448364
