,Mean,Standard Deviation
TrainRMSE,0.18904249664031364,0.04326806745910647
TestRMSE,0.192126223071425,0.05486556611476345
