,Mean,Standard Deviation,Min,Max
TrainRMSE,0.19956050402874814,0.0387176681365729,0.12918579311992134,0.24961043064634655
TestRMSE,0.2057484639829274,0.05148589867446446,0.11941848169814565,0.27087781623523577
