,Mean,Standard Deviation
TrainRMSE,0.027528892932729913,0.0004242447300512283
TestRMSE,0.07816057651511271,0.0010301792416153605
