,TrainRMSE,TestRMSE,Step1,Step2,Step3,Step4,Step5,Step6,Step7,Step8,Step9,Step10
Exp1,0.14965079833619835,0.1145322727921667,0.008682554593959247,0.01602712604715291,0.02271046571682773,0.028412972304874124,0.032422261138353545,0.03571894013503591,0.03927619033328512,0.04349221824705514,0.049594905470515434,0.056933568424866715
Exp2,0.12456684232403524,0.11484669288998191,0.01016235035341138,0.01593379683697669,0.023175849852628296,0.028083298344514934,0.03221243538851769,0.035752181491987736,0.03948112936953444,0.04420688877881594,0.04949317897180769,0.05681873922828917
Exp3,0.1001967268736447,0.12761382821447392,0.007901168864754924,0.015880875892757843,0.02361509889176069,0.03064669943856655,0.03512980558835312,0.039849877122568295,0.04459860060530373,0.04994800478948909,0.055868905757771974,0.06361192061653956
Exp4,0.09158881554788438,0.12821470004682584,0.008584975779295869,0.01651710577440735,0.023720254063647743,0.03045219253414663,0.03514903306338432,0.04034621053058888,0.04513777280919915,0.05046137573704224,0.05651936135294091,0.06293669692762008
Exp5,0.08879738977113112,0.1383307231465126,0.01010966571023112,0.017791072672355506,0.025409380635246323,0.03187457546578792,0.036602517001803246,0.04198567114788263,0.04764930573297831,0.05401405728811313,0.06171009543871249,0.07040159614683157
