,TrainRMSE,TestRMSE,Step1,Step2,Step3,Step4,Step5,Step6,Step7,Step8,Step9,Step10
Exp1,0.16368628264783439,0.08761549471577955,0.016018928258876974,0.019532445485513323,0.019857411353136536,0.02737849969526723,0.028233306517062573,0.02868956406914097,0.029498326075107554,0.030630150060892553,0.036553367319555816,0.03361155625857693
Exp2,0.1587061771757341,0.08305870096600179,0.01365061545288037,0.01873845921720314,0.02121476608155731,0.023440281747169552,0.02616221909351378,0.027186690631741513,0.028689375324677118,0.030544171827664227,0.03307957105871798,0.03298337423325183
Exp3,0.1636754244269186,0.086353567306745,0.01564852934637757,0.01975958818527782,0.020962906914117917,0.024594470640569455,0.025685529547428403,0.026931551660027656,0.02910843280909877,0.0315206380427281,0.036778964170575655,0.03462211354947849
Exp4,0.16446620684147173,0.08683972807500914,0.01605122994540119,0.022498865202522873,0.02033990195872078,0.02711201894234007,0.02688428950655065,0.02779282419899251,0.030446152010203488,0.030401925286692832,0.035046628904438513,0.03246238963786066
Exp5,0.1615808440627159,0.0842430276194906,0.015263353693865432,0.01713297283350822,0.021773402949415186,0.024829894407902668,0.027462660849876638,0.02709679957476557,0.02844385775597064,0.03288307768001154,0.03179753313468158,0.03301373960553685
