,TrainRMSE,TestRMSE,Step1,Step2,Step3,Step4,Step5,Step6,Step7,Step8,Step9,Step10
Exp1,0.17972316634501115,0.12786999938237603,0.030229499593354404,0.03316019989260289,0.029868198183609876,0.03705812966973612,0.04100639280575362,0.03866092989184276,0.04183096929213359,0.04682139366929271,0.049664526092740094,0.04987054443256025
Exp2,0.1439654603519846,0.08566695662300161,0.012334096048645497,0.016894673443335874,0.019096404109145315,0.022163039511492184,0.025424789800608413,0.028737874940567957,0.03148574587375616,0.03268142030238744,0.03485236218675061,0.03604156769559253
Exp3,0.14272820725844926,0.0942776498868013,0.01332802376035241,0.016823727813197728,0.01946924930351591,0.02285403942450212,0.026019571498350484,0.03157629187668534,0.03520198942293682,0.03733220585411315,0.03941378349044294,0.040814729631503226
Exp4,0.13585628875347958,0.0970843931697787,0.01244521143137315,0.016921895195472304,0.020375597813854267,0.02438742268950817,0.02720446137067661,0.03212502245774468,0.03578901434645036,0.038360558011349785,0.04095932854005663,0.04209610268413535
Exp5,0.13648400910882347,0.09592977502481408,0.012776753416364434,0.016744230056778185,0.01962644545290713,0.023541669501709377,0.027266502913525996,0.031131833494320263,0.035295413430173644,0.03805308728126556,0.04014235473147439,0.042445658931502886
