,TrainRMSE,TestRMSE,Step1,Step2,Step3,Step4,Step5,Step6,Step7,Step8,Step9,Step10
Exp1,0.5176342086264374,0.5089312945637701,0.08576572653133865,0.13688317891703003,0.15733797532845298,0.16321835399331533,0.1708743900890494,0.17182940067199984,0.17531868146195634,0.17628469415488776,0.17433387374939988,0.17491196467027245
Exp2,0.530819547622748,0.5215596578824881,0.12261938503403266,0.14865285178427823,0.15716207599913035,0.16538448915677478,0.170951093384793,0.1734970434883492,0.17548696434468306,0.17696247797410472,0.17547937599315824,0.17495553812760914
Exp3,0.5232669256793755,0.5164003848718262,0.10422610631610572,0.1428637874961029,0.15908119669056356,0.1660906340241769,0.17130567937057412,0.1729522939724917,0.17608633297603696,0.1764982432358813,0.17475035245531834,0.17478399424617874
Exp4,0.5217004104341936,0.513432832915609,0.09289977690027672,0.14528770499510443,0.1560768530425902,0.16465876510421232,0.170521628333815,0.1729164942302461,0.17670012853166914,0.17642619664902717,0.1749119179216038,0.1745876230976916
Exp5,0.5247501924202171,0.5147187217368421,0.10005438419085615,0.1422506680452156,0.15934737844696767,0.16115549715339578,0.17022019374967104,0.17268203400389617,0.17629253480071064,0.17698448599806155,0.1753151734832097,0.17718513898971272
