,Train-RMSE-Mean,Test-RMSE-Mean,Step1-RMSE-Mean,Step2-RMSE-Mean,Step3-RMSE-Mean,Step4-RMSE-Mean,Step5-RMSE-Mean,Step6-RMSE-Mean,Step7-RMSE-Mean,Step8-RMSE-Mean,Step9-RMSE-Mean,Step10-RMSE-Mean
FNN-Adam,0.18099,0.18218,0.0162,0.02559,0.03985,0.04565,0.05205,0.05807999999999999,0.06804,0.07265,0.07608,0.07767
FNN-SGD,0.2576,0.25986,0.04852,0.062079999999999996,0.06862,0.0745,0.07851,0.08796,0.09122000000000001,0.09368,0.09632,0.09902999999999999
LSTM,0.08903,0.0897,0.00564,0.00801,0.01205,0.017830000000000002,0.02384,0.02976,0.03413,0.03807,0.04058,0.04185
BD-LSTM,0.07499,0.07649,0.0051600000000000005,0.008320000000000001,0.01166,0.01553,0.02023,0.02441,0.02883,0.03179,0.034319999999999996,0.03586
ED-LSTM,0.05867000000000001,0.06018,0.0059,0.007640000000000001,0.01026,0.01329,0.01675,0.02001,0.02273,0.02475,0.02609,0.02713
RNN,0.13172,0.1321,0.0077599999999999995,0.014190000000000001,0.02139,0.02895,0.036489999999999995,0.04342,0.04962,0.0547,0.05864,0.0615
