,Mean,Standard Deviation
TrainRMSE,0.17471131038079105,0.07883309189750583
TestRMSE,0.10582497080182536,0.11048803873985401
