,Mean,Standard Deviation
TrainRMSE,0.17115787514140252,0.0794680666050447
TestRMSE,0.1041229015878424,0.10982785490641123
