,Mean,Standard Deviation,Min,Max
TrainRMSE,0.05234228408463968,0.0006544397219153371,0.050434934116690776,0.05327948560758484
TestRMSE,0.1013164650528204,0.0009357585909216996,0.09923537771899515,0.10335570032953809
