,Mean,Standard Deviation
TrainRMSE,0.0522325401923538,0.0006177870972582371
TestRMSE,0.10103220079069075,0.0008876022505408625
