,Mean,Standard Deviation,Min,Max
TrainRMSE,0.06401795472084586,0.0009677279225226726,0.062469510853346864,0.06620358240205894
TestRMSE,0.030806407156019684,0.0011824005976796544,0.0286072938539956,0.03372050723689031
Time,22.875631872812907,1.0063036038609452,22.067578077316284,24.98141384124756
Epochs,1000.0,0.0,1000.0,1000.0
