,TrainRMSE,TestRMSE,Step1,Step2,Step3,Step4,Step5,Step6,Step7,Step8,Step9,Step10
Exp1,0.09712098825092916,0.09968327391882756,0.010848515788120489,0.014732529673245917,0.01939520936335218,0.024893012088361626,0.029868316483516018,0.03436459870533339,0.03803939384292887,0.04053068910065466,0.04147145932647717,0.04151535886152435
Exp2,0.09233647168194338,0.09483552585861417,0.011000580063940316,0.01491957376301174,0.020083988726364445,0.02538720290073894,0.029687333561306206,0.03313904182403797,0.03544861867867832,0.03738618485809171,0.03847809955088404,0.03857284603279437
Exp3,0.07120210995216093,0.07176591091123828,0.008225716117838911,0.010642617654454309,0.010416121552343243,0.01450809942018355,0.019183103106278222,0.022987467487278524,0.026837800670875864,0.0308233875339826,0.03217593245582814,0.032378746364922016
Exp4,0.030301363260036483,0.031218878058453824,0.002072861664091148,0.002535596285037082,0.003814696489379621,0.006877649203463244,0.007945147544485906,0.011419630368515869,0.01241309997520104,0.012495018747153544,0.013197208716309413,0.014970911318700843
Exp5,0.030501343754228496,0.031733374307059026,0.0026298742353745583,0.005184432900944409,0.006015201780717214,0.006853894045250994,0.009506950497812614,0.010953537524322205,0.013392466055239182,0.012771360119197064,0.011961173103291882,0.013934001774827755
