,TrainRMSE,TestRMSE,Step1,Step2,Step3,Step4,Step5,Step6,Step7,Step8,Step9,Step10
Exp1,0.13230716228528394,0.18016935413290194,0.06038713793097601,0.08548025808333087,0.05667446178161027,0.04898367962009794,0.06051368238963162,0.06409395065498524,0.05446401881284246,0.04142966483343104,0.044539680819172964,0.038205363811552276
Exp2,0.08005147298124364,0.18709911779887292,0.0453821800780092,0.07306728720618899,0.06477758445056465,0.0576892342038898,0.07132978823058829,0.06277680172612048,0.06556552316299856,0.05693197693916006,0.04374865279868792,0.040007849117523996
Exp3,0.04862186992737305,0.19134129670999123,0.03912330196614385,0.07069343583514619,0.06431238339496491,0.06254045572683975,0.06613899378693062,0.06688891091464469,0.06460350818606174,0.059517584113687586,0.041449810180528374,0.06126475482782864
Exp4,0.04492899179188086,0.19412867806157785,0.03585776585031543,0.06567840169495649,0.0704332630387023,0.06409303681070622,0.06489299691017333,0.06773187609790753,0.06556348030308949,0.061122877984379514,0.045824997812476766,0.06391036880093519
Exp5,0.03253740605437258,0.18901058245548502,0.03525097795864781,0.06170471355981287,0.07129043951924338,0.06415802926486319,0.06669879556643198,0.06809277498249443,0.062050346120614226,0.05389666389501775,0.04346688488093653,0.06120863029705617
