,TrainRMSE,TestRMSE,Step1,Step2,Step3,Step4,Step5,Step6,Step7,Step8,Step9,Step10
Exp1,0.07660079476949803,0.07578412997808712,0.01180156607260878,0.01472018383974783,0.01751197260140459,0.01977380533714143,0.022096641378081476,0.024726142525583843,0.0282548151462221,0.028587293040359,0.030895857149913733,0.03193486253066588
Exp2,0.06937596638498703,0.06713051641193571,0.00829612767242117,0.010557073967813408,0.01318121698542616,0.016032986099121255,0.01981496322930312,0.02222270712438709,0.024704392101502576,0.026784376543520977,0.02860845815347405,0.029373327877153743
Exp3,0.04516011374336488,0.046208141269811126,0.009181227810831177,0.008364419251419869,0.010830468940245079,0.013199858616892468,0.012639402584458323,0.014386508474460206,0.01582620251232489,0.017340998122299237,0.018802959259658355,0.020443635649623385
Exp4,0.035382647935368924,0.043112576196826805,0.008852000525427646,0.00916057099080728,0.010404974978770585,0.01230003070143173,0.011865752922789626,0.014374907255714798,0.014896039921383055,0.014484456542446955,0.01626641935587064,0.019827860606146927
Exp5,0.04320707925420243,0.04541831750641942,0.005580347150032989,0.007550619020025648,0.008134753412772788,0.009854339537893044,0.01077334128502838,0.01364874109168284,0.015739592973205416,0.01661222459682403,0.02002374256513832,0.024174059386765104
