,TrainRMSE,TestRMSE,Step1,Step2,Step3,Step4,Step5,Step6,Step7,Step8,Step9,Step10
Exp1,0.34565656486158775,0.24735083721918205,0.07596345063148931,0.09490240043031191,0.07297521459368432,0.07243607985817202,0.07694174585977709,0.06778445445901321,0.060459423407070105,0.06974645417136072,0.09247695510087342,0.09081022039594418
Exp2,0.3533810890904848,0.24680922637833327,0.07725256028632212,0.09255178086422083,0.07678475495683176,0.07424930540427971,0.07758750220198071,0.0698856910142771,0.0637332841438769,0.07077456598459089,0.08938923988314136,0.08370728077831438
Exp3,0.35412390216168843,0.2501242922229233,0.07946060328780953,0.09416194638345864,0.07521181035126336,0.07772761421603117,0.07216944671209823,0.07387569068937777,0.06088396897921902,0.06958488120975298,0.09149021012164887,0.08998824855001554
Exp4,0.3610039009555264,0.250459248114274,0.07673894260351563,0.09386411057548161,0.078926309927851,0.07569535314344235,0.07344026615100628,0.06693030724790991,0.06470280525131422,0.07088530080325177,0.09344086196337345,0.09086163784101893
Exp5,0.35412422638338753,0.24844871208156183,0.0761828399017635,0.09533481030567369,0.07476164539678345,0.07274332405200092,0.08180174516229943,0.06639007638722429,0.06235837071851543,0.07415592370360824,0.09110888736960383,0.08465017445860282
