,TrainRMSE,TestRMSE,Step1,Step2,Step3,Step4,Step5,Step6,Step7,Step8,Step9,Step10
Exp1,0.3430490424581201,0.36032138801924507,0.020892611066965477,0.03189572132108073,0.050867864023167134,0.0563014284229535,0.07616824837658646,0.11867006276778255,0.14649367630655297,0.15542853114706184,0.16914221891600026,0.16884481758510153
Exp2,0.3060456500214435,0.34774392458966824,0.021806985070529337,0.02501817196050396,0.03684620972394698,0.05186979688334006,0.07160051376972143,0.0968667911957797,0.13577496344148438,0.154746872648122,0.1662477279278546,0.17676739920424772
Exp3,0.216711978226868,0.29869316410658975,0.020096516390167726,0.02204418154883399,0.031963569201269554,0.04132409692280976,0.038805968297158835,0.05739782674292374,0.08753507740216697,0.13139617323657568,0.1549084540488811,0.17853305768717773
Exp4,0.21941500197551106,0.3133049829003847,0.019197494447699956,0.01736820003829346,0.025604757278293706,0.033535554288599154,0.04505773058760015,0.06261345953350513,0.09238003274599922,0.13900342390793793,0.1706707674836872,0.18103701159054628
Exp5,0.2059446125162173,0.3092905466136261,0.018181993409552753,0.01831090246831663,0.02150897482252302,0.028833259056166478,0.03989254872578674,0.05848871982405891,0.08683932396860024,0.139566545768801,0.16785652965258033,0.18301018043439002
